{
    "loss": 10.603011131286621,
    "accuracy": 0.2639999985694885
}