{
    "loss": 0.41296881437301636,
    "accuracy": 0.8133333325386047
}