{
    "loss": 0.44253647327423096,
    "accuracy": 0.800000011920929
}