{
    "loss": 717.5252685546875,
    "accuracy": 0.10000000149011612
}